Address,Neighborhood,Bedrooms,Bathrooms,Square Meters,Building Age,Garden,Garage,Floors,Property Type,Heating Type,Balcony,Interior Style,View,Materials,Building Status,Price (£)
078 Regent Street,Notting Hill,2,3,179,72,No,No,3,Semi-Detached,Electric Heating,High-level Balcony,Industrial,Garden,Marble,Renovated,2291200
1198 Oxford Street,Westminster,2,1,123,34,Yes,No,1,Apartment,Central Heating,High-level Balcony,Industrial,City,Laminate Flooring,Old,1476000
218 Regent Street,Soho,5,3,168,38,No,Yes,3,Semi-Detached,Central Heating,No Balcony,Industrial,Street,Wood,Renovated,1881600
339 Piccadilly Circus,Islington,5,1,237,53,Yes,Yes,1,Apartment,Underfloor Heating,No Balcony,Classic,Park,Granite,Renovated,1896000
4116 Fleet Street,Marylebone,4,1,127,23,No,Yes,2,Semi-Detached,Central Heating,No Balcony,Modern,Park,Wood,Old,1524000
99544 Camden High Street,Westminster,1,3,81,4,Yes,Yes,2,Semi-Detached,Central Heating,Low-level Balcony,Modern,Street,Laminate Flooring,Renovated,1166400
996165 Park Lane,Camden,1,1,65,51,No,No,1,Apartment,Underfloor Heating,No Balcony,Industrial,Garden,Wood,Old,563333
99799 Camden High Street,Camden,4,1,191,27,No,Yes,2,Semi-Detached,Central Heating,Low-level Balcony,Minimalist,Park,Laminate Flooring,Old,1986399
998155 Park Lane,Camden,5,2,131,3,Yes,No,2,Detached House,Underfloor Heating,High-level Balcony,Modern,Park,Laminate Flooring,Renovated,1703000
999145 Baker Street,Kensington,4,2,185,53,No,No,1,Apartment,Electric Heating,No Balcony,Modern,Street,Wood,Old,2343333